Holiday,Day
National Trivia Day,January 4
National Spaghetti Day,January 4
National Dress Up Your Pet Day,January 14
National Hat Day,January 15
National Popcorn Day,January 19
"National Cheese Lover's Day",January 20
National Hugging Day,January 21
Celebration of Life Day,January 22
National Blonde Brownie Day,January 22
Community Manager Appreciation Day,January 23
National Pie Day,January 23
National Beer Can Appreciation Day,January 24
National Peanut Butter Day,January 24
National Opposite Day,January 25
National Spouses Day,January 26
National Chocolate Cake Day,January 27
National Puzzle Day,January 29
National Croissant Day,January 30
National Hot Chocolate Day,January 31
National Freedom Day,February 1
Groundhog Day,February 2
National Wear Red Day,February 3
National Eat Ice Cream for Breakfast Day,February 4
World Cancer Day,February 4
"National Weatherperson's Day",February 5
National Frozen Yogurt Day,February 6
National Send a Card to a Friend Day,February 7
National Boy Scout Day,February 8
National Pizza Day,February 9
National Umbrella Day,February 10
"National Inventors' Day",February 11
National Plum Pudding Day,February 12
National Tortellini Day,February 13
"Galentine's Day",February 13
Singles Awareness Day,February 15
National Almond Day,February 16
Random Act of Kindness Day,February 17
National Drink Wine Day,February 18
Tug of War Day,February 19
National Muffin Day,February 20
National Love Your Pet Day,February 20
National Sticky Bun Day,February 21
National Margarita Day,February 22
Walking the Dog Day,February 22
National Chili Day,February 23
International Dog Biscuit Appreciation Day,February 23
National Tortilla Chip Day,February 24
National Clam Chowder Day,February 25
National Pistachio Day,February 26
International Polar Bear Day,February 27
National Chocolate Souffle Day,February 28
"National Peanut Butter Lover's Day",March 1
National Read Across America Day,March 2
National Day of Unplugging,March 3
National Proofreading Day,March 4
National Grammar Day,March 4
National Hug a G.I. Day,March 4
National Absinthe Day,March 5
"National Dentist's Day",March 6
National Dress Day,March 6
National Frozen Food Day,March 6
National Be Heard Day,March 7
National Pancake Day,March 7
"International Women's Day",March 8
National Meatball Day,March 9
National Pack Your Lunch Day,March 10
National Promposal Day,March 11
National Girl Scout Day,March 12
National Napping Day,March 13
National K9 Veterans Day,March 13
National Pi Day,March 14
National Potato Chip Day,March 14
National Kick Butts Day,March 15
National Artichoke Day,March 16
"St. Patrick's Day",March 17
Awkward Moments Day,March 18
National Corn Dog Day,March 19
National Proposal Day,March 20
National Crunchy Taco Day,March 21
National Goof Off Day,March 22
National Puppy Day,March 23
Red Nose Day,March 24
International Waffle Day,March 25
National Spinach Day,March 26
National Spanish Paella Day,March 27
Respect Your Cat Day,March 28
National Mom and Pop Business Owners Day,March 29
"National Doctors' Day",March 30
World Backup Day,March 31
"April Fools' Day",April 1
National Peanut Butter and Jelly Day,April 2
World Party Day,April 3
National Hug a Newsperson Day,April 4
National Walking Day,April 5
National Deep Dish Pizza Day,April 5
National Burrito Day,April 6
National Beer Day,April 7
World Health Day,April 7
National Empanada Day,April 8
National Winston Churchill Day,April 9
National Siblings Day,April 10
National Pet Day,April 11
National Grilled Cheese Sandwich Day,April 12
National Make Lunch Count Day,April 13
National Ex Spouse Day,April 14
Husband Appreciation Day,April 15
National Cheeseball Day,April 17
National Garlic Day,April 19
National Look-Alike Day,April 20
National Day of Silence,April 21
Earth Day,April 22
National Jelly Bean Day,April 22
National Picnic Day,April 23
"St. George's Day",April 23
National Pigs in a Blanket Day,April 24
ANZAC Day,April 25
National Telephone Day,April 25
National Pretzel Day,April 26
National Prime Rib Day,April 27
Arbor Day,April 28
International Dance Day,April 29
National Shrimp Scampi Day,April 29
National Honesty Day,April 30
National Raisin Day,April 30
May Day,May 1
"National Teacher's Day",May 2
National Brothers and Sisters Day,May 2
National Paranormal Day,May 3
World Password Day,May 4
Star Wars Day,May 4
National Hoagie Day,May 5
International No Diet Day,May 6
National Tourist Appreciation Day,May 6
National Nurses Day,May 6
National Tourism Day,May 7
National Moscato Day,May 9
National Receptionists Day,May 10
World Migratory Bird Day,May 10
National Shrimp Day,May 10
National Eat What You Want Day,May 11
National Limerick Day,May 12
National Apple Pie Day,May 13
National Fruit Cocktail Day,May 13
"Mother's Day",May 14
National Buttermilk Biscuit Day,May 14
National Chocolate Chip Day,May 15
National Mimosa Day,May 16
National Walnut Day,May 17
National No Dirty Dishes Day,May 18
National Endangered Species Day,May 19
National Pizza Party Day,May 19
"National Devil's Food Cake Day",May 19
National Be a Millionaire Day,May 20
National Waiters and Waitresses Day,May 21
International Day for Biological Diversity,May 22
Harvey Milk Day,May 22
National Maritime Day,May 23
National Taffy Day,May 23
National Scavenger Hunt Day,May 24
"Brother's Day",May 24
National Wine Day,May 25
National Paper Airplane Day,May 26
National Sunscreen Day,May 27
National Brisket Day,May 28
National Hamburger Day,May 28
Learn About Composting Day,May 29
Memorial Day,May 29
National Mint Julep Day,May 30
National Macaroon Day,May 31
Global Day of Parents,June 1
National Olive Day,June 1
National Donut Day,June 2
National Egg Day,June 3
National Cheese Day,June 4
National Hug Your Cat Day,June 4
National Day of Civic Hacking,June 4
National Moonshine Day,June 5
World Environment Day,June 5
National Yo-Yo Day,June 6
Russian Language Day,June 6
National Chocolate Ice Cream Day,June 7
World Oceans Day,June 8
"National Best Friends' Day",June 8
National Donald Duck Day,June 9
National Iced Tea Day,June 10
National Corn on the Cob Day,June 11
National Loving Day,June 12
National Sewing Machine Day,June 13
National Bourbon Day,June 14
World Blood Donor Day,June 14
World Elder Abuse Awareness Day,June 15
National Fudge Day,June 16
National Eat Your Vegetables Day,June 17
"Father's Day",June 18
International Sushi Day,June 18
National Martini Day,June 19
World Refugee Day,June 20
National American Eagle Day,June 20
National Selfie Day,June 21
National Onion Ring Day,June 22
National Hydration Day,June 23
National Take Your Dog to Work Day,June 23
National Kissing Day,June 24
International Day of the Seafarer,June 25
World Beatles Day,June 25
National Chocolate Pudding Day,June 26
National Sunglasses Day,June 27
National Tapioca Day,June 28
Hug Holiday,June 29
International Asteroid Day,June 30
World Social Media Day,June 30
International Joke Day,July 1
World UFO Day,July 2
National Stay Out of the Sun Day,July 3
National Bikini Day,July 5
International Kissing Day,July 6
National Fried Chicken Day,July 6
National Strawberry Sundae Day,July 7
National Video Game Day,July 8
National Sugar Cookie Day,July 9
National Pin~a Colada Day,July 10
National Kitten Day,July 10
World Population Day,July 11
Amazon Prime Day,July 11
National Simplicity Day,July 12
National French Fry Day,July 13
Pandemonium Day,July 14
National Mac and Cheese Day,July 14
National Give Something Away Day,July 15
National Corn Fritter Day,July 16
National Ice Cream Day,July 16
World Emoji Day,July 17
World Listening Day,July 18
Nelson Mandela International Day,July 18
National Daiquiri Day,July 19
National Hot Dog Day,July 19
National Moon Day,July 20
National Junk Food Day,July 21
National Hammock Day,July 22
Gorgeous Grandma Day,July 23
National Tequila Day,July 24
"National Cousin's Day",July 24
Hot Fudge Sundae Day,July 25
National Aunt and Uncle Day,July 26
National Scotch Day,July 27
National Milk Chocolate Day,July 28
World Hepatitis Day,July 28
National Lipstick Day,July 29
National Chicken Wing Day,July 29
National Lasagna Day,July 29
National Dance Day,July 30
National Cheesecake Day,July 30
International Day of Friendship,July 30
National Mutt Day,July 31
Spider-Man Day,August 1
National Girlfriends Day,August 1
National Coloring Book Day,August 2
National Ice Cream Sandwich Day,August 2
National Watermelon Day,August 3
International Beer Day,August 4
National Chocolate Chip Cookie Day,August 4
National Underwear Day,August 5
National Mustard Day,August 5
National Sisters Day,August 6
National Friendship Day,August 7
World Cat Day,August 8
National Book Lovers Day,August 9
National Spoil Your Dog Day,August 10
National Son and Daughter Day,August 11
International Youth Day,August 12
National Relaxation Day,August 15
National Tell A Joke Day,August 16
National Rum Day,August 16
National Black Cat Appreciation Day,August 17
National Fajita Day,August 18
World Humanitarian Day,August 19
National Potato Day,August 19
National Lemonade Day,August 20
National Radio Day,August 20
National Senior Citizens Day,August 21
National Senior Citizens Day,August 21
National Tooth Fairy Day,August 22
National Sponge Cake Day,August 23
National Waffle Day,August 24
National Banana Split Day,August 25
National Secondhand Wardrobe Day,August 25
National Dog Day,August 26
National Red Wine Day,August 28
National Lemon Juice Day,August 29
National Beach Day,August 30
National Holistic Pet Day,August 30
National Trail Mix Day,August 31
College Colors Day,September 1
American Chess Day,September 1
World Coconut Day,September 2
National Skyscraper Day,September 3
Labor Day,September 4
International Day of Charity,September 5
National Cheese Pizza Day,September 5
Telephone Tuesday,September 5
National Read a Book Day,September 6
"National Beer Lover's Day",September 7
International Literacy Day,September 8
International Sudoku Day,September 9
National Grandparents Day,September 10
National Make Your Bed Day,September 11
National Day of Service and Remembrance,September 11
National Day of Service and Remembrance,September 11
National Video Games Day,September 12
National Peanut Day,September 13
National Coloring Day,September 14
International Dot Day,September 15
National Linguine Day,September 15
International Day of Democracy,September 15
National Guacamole Day,September 16
Constitution Day,September 17
National Cheeseburger Day,September 18
International Talk Like a Pirate Day,September 19
National Pepperoni Pizza Day,September 20
International Day of Peace,September 21
National Ice Cream Cone Day,September 22
National Dogs in Politics Day,September 23
National Cherries Jubilee Day,September 24
National Cooking Day,September 25
National Lobster Day,September 25
National Cooking Day,September 25
National Family Day,September 26
National Pancake Day,September 26
World Tourism Day,September 27
National Drink Beer Day,September 28
National Coffee Day,September 29
International Podcast Day,September 30
International Coffee Day,October 1
World Vegetarian Day,October 1
National Homemade Cookies Day,October 1
International Day of Non-Violence,October 2
National Boyfriend Day,October 3
National Vodka Day,October 4
National Taco Day,October 4
National Noodle Day,October 6
World Smile Day,October 7
Columbus Day,October 9
World Mental Health Day,October 10
National Sausage Pizza Day,October 11
National Farmers Day,October 12
National Dessert Day,October 14
National Pasta Day,October 17
National Clean Your Virtual Desktop Day,October 17
National Reptile Awareness Day,October 21
National Nut Day,October 22
National Bologna Day,October 24
World Pasta Day,October 25
National Pumpkin Day,October 26
National American Beer Day,October 27
National Chocolate Day,October 28
National Cat Day,October 29
National Internet Day,October 29
National Checklist Day,October 30
"National Author's Day",November 1
Day of the Dead,November 2
National Sandwich Day,November 3
National Candy Day,November 4
National Sundae Day,November 11
Singles Day,November 11
World Kindness Day,November 13
National Pickle Day,November 14
"National Entrepreneur's Day",November 15
National Unfriend Day,November 17
Black Friday,November 24
Small Business Saturday,November 25
National Cake Day,November 26
Cyber Monday,November 27
Giving Tuesday,November 28
National Mutt Day,December 2
National Cookie Day,December 4
International Ninja Day,December 5
National Brownie Day,December 8
National Lager Day,December 10
International Mountain Day,December 11
National Cupcake Day,December 15
National Maple Syrup Day,December 17
Answer The Telephone Like Buddy The Elf Day,December 18
Sangria Day,December 20
National Crossword Puzzle Day,December 21
National Thank You Note Day,December 26
National Bacon Day,December 30
